预测结果_Y,预测结果概率_1,预测结果概率_2,预测结果概率_3,预测结果概率_4,预测结果概率_5,二氧化硅(SiO2),氧化钠(Na2O),氧化钾(K2O),氧化钙(CaO),氧化镁(MgO),氧化铝(Al2O3),氧化铁(Fe2O3),氧化铜(CuO),氧化铅(PbO),是否风化,氧化钡(BaO),五氧化二磷(P2O5),氧化锶(SrO),氧化锡(SnO2),二氧化硫(SO2)
3,0.005322408149133418,2.4724475061733833e-05,0.9942724572723285,0.00035049770723456005,2.9912396241549e-05,78.45,0.0,0.0,6.08,1.86,7.23,2.15,2.11,0.0,1,0.0,1.06,0.03,0.0,0.51
4,4.157785534680846e-08,1.3419992294034085e-08,1.15600202971506e-09,0.9999974233791488,2.5204670015057806e-06,37.75,0.0,0.0,7.63,0.0,2.33,0.0,0.0,34.3,2,0.0,14.27,0.0,0.0,0.0
5,1.2698827487110965e-05,1.698420563718582e-10,7.076564311904295e-11,0.0031721163875321847,0.996815184544373,31.95,0.0,1.36,7.19,0.81,2.93,7.06,0.21,39.58,1,4.69,2.68,0.52,0.0,0.0
4,0.00029411770548460974,1.4916572022378973e-06,2.8673878365699763e-07,0.9535105899209974,0.046193513977532116,35.47,0.0,0.79,2.89,1.05,7.07,6.45,0.96,24.28,1,8.31,8.45,0.28,0.0,0.0
4,0.0009444205587535357,6.01474039233089e-05,0.017506048425252083,0.9810896493324159,0.00039973427965518476,64.29,1.2,0.37,1.64,2.34,12.75,0.81,0.94,12.23,2,2.16,0.19,0.21,0.49,0.0
2,0.0022763872227195277,0.7424433537563029,0.2535657821406959,0.00171431953618552,1.5734409619672318e-07,93.17,0.0,1.35,0.64,0.21,1.52,0.27,1.73,0.0,2,0.0,0.21,0.0,0.0,0.0
3,0.0031835406266739062,0.1809664208276103,0.8107152943663312,0.005134178350079639,5.658293050633e-07,90.83,0.0,0.98,1.12,0.0,5.06,0.24,1.17,0.0,2,0.0,0.13,0.0,0.0,0.11
4,0.0003240892560999241,6.481089653635887e-06,3.2588605480614804e-05,0.9815060180224939,0.018130823026272,51.12,0.0,0.23,0.89,0.0,2.12,0.0,9.01,21.24,1,11.34,1.46,0.31,0.0,2.26
